series_id,surface
0,concrete
1,soft_pvc
2,concrete
3,soft_pvc
4,soft_tiles
5,wood
6,soft_pvc
7,fine_concrete
8,wood
9,wood
10,soft_pvc
11,soft_pvc
12,soft_pvc
13,soft_tiles
14,fine_concrete
15,soft_pvc
16,wood
17,soft_tiles
18,soft_tiles
19,soft_pvc
20,soft_pvc
21,wood
22,concrete
23,hard_tiles_large_space
24,concrete
25,wood
26,concrete
27,tiled
28,wood
29,fine_concrete
30,concrete
31,soft_pvc
32,concrete
33,concrete
34,soft_tiles
35,concrete
36,wood
37,wood
38,concrete
39,wood
40,wood
41,wood
42,soft_pvc
43,wood
44,concrete
45,soft_tiles
46,wood
47,concrete
48,wood
49,soft_pvc
50,wood
51,soft_tiles
52,soft_tiles
53,concrete
54,wood
55,wood
56,concrete
57,wood
58,soft_pvc
59,fine_concrete
60,wood
61,fine_concrete
62,concrete
63,tiled
64,tiled
65,soft_tiles
66,soft_tiles
67,soft_pvc
68,soft_pvc
69,concrete
70,soft_pvc
71,soft_pvc
72,wood
73,wood
74,soft_pvc
75,soft_tiles
76,concrete
77,concrete
78,wood
79,wood
80,soft_tiles
81,concrete
82,soft_pvc
83,concrete
84,tiled
85,soft_pvc
86,fine_concrete
87,concrete
88,soft_pvc
89,soft_pvc
90,soft_tiles
91,concrete
92,soft_tiles
93,concrete
94,concrete
95,fine_concrete
96,soft_pvc
97,concrete
98,soft_tiles
99,soft_pvc
100,concrete
101,concrete
102,soft_tiles
103,soft_pvc
104,soft_pvc
105,fine_concrete
106,tiled
107,soft_pvc
108,soft_pvc
109,tiled
110,soft_pvc
111,concrete
112,soft_pvc
113,fine_concrete
114,hard_tiles_large_space
115,soft_tiles
116,soft_pvc
117,soft_pvc
118,concrete
119,soft_tiles
120,wood
121,soft_pvc
122,fine_concrete
123,hard_tiles_large_space
124,wood
125,soft_pvc
126,concrete
127,wood
128,fine_concrete
129,concrete
130,wood
131,concrete
132,soft_pvc
133,soft_pvc
134,hard_tiles_large_space
135,soft_tiles
136,soft_tiles
137,wood
138,soft_pvc
139,concrete
140,soft_tiles
141,wood
142,soft_pvc
143,soft_pvc
144,hard_tiles_large_space
145,soft_pvc
146,carpet
147,tiled
148,concrete
149,fine_concrete
150,soft_tiles
151,soft_pvc
152,wood
153,soft_pvc
154,soft_pvc
155,soft_tiles
156,soft_pvc
157,soft_pvc
158,concrete
159,soft_pvc
160,soft_tiles
161,concrete
162,wood
163,soft_pvc
164,concrete
165,wood
166,wood
167,hard_tiles_large_space
168,soft_pvc
169,concrete
170,carpet
171,concrete
172,soft_pvc
173,soft_pvc
174,soft_tiles
175,hard_tiles_large_space
176,tiled
177,concrete
178,wood
179,concrete
180,concrete
181,wood
182,wood
183,soft_pvc
184,tiled
185,fine_concrete
186,concrete
187,soft_pvc
188,soft_pvc
189,tiled
190,wood
191,wood
192,soft_pvc
193,fine_concrete
194,soft_pvc
195,soft_pvc
196,wood
197,soft_tiles
198,wood
199,wood
200,wood
201,concrete
202,soft_pvc
203,concrete
204,soft_tiles
205,wood
206,soft_tiles
207,soft_pvc
208,wood
209,concrete
210,soft_pvc
211,soft_pvc
212,soft_pvc
213,wood
214,soft_pvc
215,wood
216,soft_tiles
217,soft_pvc
218,concrete
219,concrete
220,soft_pvc
221,soft_pvc
222,wood
223,soft_tiles
224,wood
225,soft_pvc
226,wood
227,concrete
228,soft_pvc
229,tiled
230,wood
231,soft_pvc
232,concrete
233,soft_pvc
234,soft_pvc
235,soft_tiles
236,soft_pvc
237,concrete
238,wood
239,wood
240,soft_pvc
241,concrete
242,concrete
243,soft_tiles
244,soft_pvc
245,fine_concrete
246,fine_concrete
247,concrete
248,soft_tiles
249,concrete
250,concrete
251,wood
252,soft_pvc
253,fine_concrete
254,tiled
255,soft_pvc
256,soft_pvc
257,soft_pvc
258,soft_pvc
259,soft_tiles
260,concrete
261,soft_pvc
262,soft_pvc
263,concrete
264,concrete
265,soft_tiles
266,concrete
267,concrete
268,wood
269,wood
270,soft_pvc
271,soft_tiles
272,concrete
273,soft_tiles
274,fine_concrete
275,hard_tiles_large_space
276,concrete
277,wood
278,wood
279,soft_tiles
280,carpet
281,concrete
282,fine_concrete
283,wood
284,soft_tiles
285,soft_pvc
286,soft_pvc
287,concrete
288,tiled
289,concrete
290,concrete
291,concrete
292,concrete
293,soft_pvc
294,tiled
295,soft_tiles
296,fine_concrete
297,tiled
298,soft_tiles
299,fine_concrete
300,wood
301,wood
302,soft_tiles
303,carpet
304,tiled
305,soft_pvc
306,tiled
307,wood
308,soft_tiles
309,tiled
310,concrete
311,fine_concrete
312,wood
313,soft_pvc
314,soft_pvc
315,fine_concrete
316,soft_pvc
317,wood
318,fine_concrete
319,wood
320,concrete
321,concrete
322,soft_pvc
323,soft_tiles
324,tiled
325,soft_pvc
326,concrete
327,wood
328,fine_concrete
329,soft_tiles
330,concrete
331,concrete
332,concrete
333,soft_pvc
334,wood
335,concrete
336,concrete
337,wood
338,soft_tiles
339,soft_pvc
340,concrete
341,concrete
342,wood
343,soft_tiles
344,wood
345,tiled
346,fine_concrete
347,wood
348,tiled
349,wood
350,concrete
351,wood
352,concrete
353,soft_pvc
354,soft_pvc
355,concrete
356,soft_tiles
357,soft_tiles
358,soft_pvc
359,soft_pvc
360,wood
361,concrete
362,concrete
363,soft_pvc
364,concrete
365,soft_pvc
366,soft_tiles
367,wood
368,soft_tiles
369,concrete
370,wood
371,soft_pvc
372,wood
373,soft_pvc
374,soft_pvc
375,soft_pvc
376,soft_tiles
377,tiled
378,hard_tiles_large_space
379,fine_concrete
380,fine_concrete
381,soft_tiles
382,soft_pvc
383,concrete
384,wood
385,concrete
386,wood
387,soft_tiles
388,concrete
389,soft_pvc
390,soft_tiles
391,soft_pvc
392,concrete
393,concrete
394,fine_concrete
395,soft_tiles
396,soft_tiles
397,soft_tiles
398,concrete
399,tiled
400,soft_pvc
401,soft_pvc
402,wood
403,soft_pvc
404,wood
405,soft_tiles
406,soft_pvc
407,fine_concrete
408,concrete
409,soft_pvc
410,hard_tiles_large_space
411,soft_pvc
412,soft_pvc
413,soft_pvc
414,wood
415,wood
416,tiled
417,soft_pvc
418,soft_tiles
419,tiled
420,wood
421,soft_pvc
422,tiled
423,wood
424,wood
425,wood
426,soft_pvc
427,soft_pvc
428,concrete
429,concrete
430,fine_concrete
431,wood
432,soft_pvc
433,concrete
434,soft_tiles
435,wood
436,concrete
437,soft_tiles
438,wood
439,soft_pvc
440,wood
441,soft_tiles
442,concrete
443,soft_pvc
444,soft_pvc
445,soft_tiles
446,soft_pvc
447,hard_tiles_large_space
448,wood
449,wood
450,soft_pvc
451,concrete
452,soft_pvc
453,wood
454,soft_tiles
455,concrete
456,concrete
457,soft_pvc
458,soft_pvc
459,soft_pvc
460,soft_tiles
461,hard_tiles_large_space
462,wood
463,hard_tiles_large_space
464,concrete
465,fine_concrete
466,fine_concrete
467,soft_tiles
468,soft_tiles
469,soft_tiles
470,wood
471,soft_tiles
472,concrete
473,tiled
474,hard_tiles_large_space
475,soft_pvc
476,wood
477,concrete
478,soft_pvc
479,wood
480,soft_tiles
481,tiled
482,concrete
483,hard_tiles_large_space
484,concrete
485,concrete
486,wood
487,tiled
488,wood
489,concrete
490,soft_pvc
491,soft_pvc
492,concrete
493,wood
494,soft_pvc
495,wood
496,wood
497,tiled
498,fine_concrete
499,soft_pvc
500,fine_concrete
501,wood
502,soft_pvc
503,concrete
504,wood
505,fine_concrete
506,hard_tiles_large_space
507,tiled
508,soft_tiles
509,wood
510,concrete
511,soft_tiles
512,soft_pvc
513,soft_tiles
514,soft_pvc
515,tiled
516,soft_pvc
517,wood
518,fine_concrete
519,soft_tiles
520,concrete
521,soft_tiles
522,soft_pvc
523,soft_pvc
524,fine_concrete
525,soft_pvc
526,wood
527,concrete
528,wood
529,concrete
530,wood
531,soft_pvc
532,soft_pvc
533,soft_pvc
534,concrete
535,soft_pvc
536,concrete
537,soft_tiles
538,wood
539,soft_pvc
540,concrete
541,wood
542,soft_pvc
543,concrete
544,soft_pvc
545,wood
546,soft_pvc
547,soft_pvc
548,concrete
549,hard_tiles_large_space
550,soft_pvc
551,soft_tiles
552,soft_tiles
553,wood
554,soft_tiles
555,concrete
556,wood
557,wood
558,fine_concrete
559,soft_pvc
560,soft_pvc
561,fine_concrete
562,tiled
563,fine_concrete
564,concrete
565,fine_concrete
566,concrete
567,wood
568,soft_tiles
569,soft_pvc
570,tiled
571,wood
572,wood
573,soft_pvc
574,soft_tiles
575,soft_pvc
576,concrete
577,concrete
578,tiled
579,soft_pvc
580,soft_tiles
581,concrete
582,concrete
583,soft_tiles
584,concrete
585,soft_pvc
586,soft_pvc
587,wood
588,soft_pvc
589,concrete
590,wood
591,fine_concrete
592,wood
593,fine_concrete
594,soft_tiles
595,concrete
596,hard_tiles_large_space
597,wood
598,concrete
599,concrete
600,fine_concrete
601,soft_pvc
602,soft_tiles
603,soft_pvc
604,soft_pvc
605,wood
606,soft_tiles
607,concrete
608,hard_tiles_large_space
609,soft_pvc
610,concrete
611,concrete
612,fine_concrete
613,soft_pvc
614,wood
615,concrete
616,fine_concrete
617,wood
618,concrete
619,soft_tiles
620,concrete
621,soft_tiles
622,fine_concrete
623,fine_concrete
624,fine_concrete
625,soft_tiles
626,soft_pvc
627,concrete
628,soft_tiles
629,soft_tiles
630,wood
631,wood
632,wood
633,soft_pvc
634,soft_pvc
635,tiled
636,soft_tiles
637,soft_pvc
638,soft_pvc
639,hard_tiles_large_space
640,soft_pvc
641,concrete
642,concrete
643,concrete
644,soft_tiles
645,wood
646,soft_tiles
647,fine_concrete
648,soft_tiles
649,concrete
650,wood
651,soft_tiles
652,concrete
653,fine_concrete
654,fine_concrete
655,soft_pvc
656,concrete
657,soft_tiles
658,concrete
659,concrete
660,fine_concrete
661,concrete
662,wood
663,concrete
664,fine_concrete
665,tiled
666,soft_tiles
667,tiled
668,soft_tiles
669,wood
670,wood
671,soft_tiles
672,tiled
673,soft_pvc
674,soft_pvc
675,wood
676,soft_tiles
677,concrete
678,soft_pvc
679,fine_concrete
680,concrete
681,fine_concrete
682,concrete
683,soft_tiles
684,soft_tiles
685,wood
686,wood
687,soft_pvc
688,wood
689,wood
690,concrete
691,soft_pvc
692,wood
693,concrete
694,wood
695,soft_tiles
696,soft_tiles
697,wood
698,soft_tiles
699,soft_pvc
700,wood
701,concrete
702,soft_pvc
703,concrete
704,soft_tiles
705,wood
706,concrete
707,wood
708,fine_concrete
709,soft_pvc
710,soft_tiles
711,tiled
712,hard_tiles_large_space
713,wood
714,wood
715,concrete
716,fine_concrete
717,concrete
718,wood
719,soft_pvc
720,soft_tiles
721,wood
722,hard_tiles_large_space
723,concrete
724,soft_tiles
725,tiled
726,wood
727,wood
728,soft_pvc
729,fine_concrete
730,concrete
731,hard_tiles_large_space
732,hard_tiles_large_space
733,concrete
734,concrete
735,concrete
736,soft_pvc
737,wood
738,soft_tiles
739,fine_concrete
740,concrete
741,soft_pvc
742,concrete
743,soft_tiles
744,soft_pvc
745,wood
746,concrete
747,concrete
748,soft_pvc
749,soft_pvc
750,soft_tiles
751,soft_tiles
752,concrete
753,fine_concrete
754,soft_pvc
755,wood
756,soft_pvc
757,soft_tiles
758,concrete
759,soft_pvc
760,soft_tiles
761,concrete
762,fine_concrete
763,wood
764,soft_tiles
765,soft_pvc
766,wood
767,tiled
768,soft_pvc
769,fine_concrete
770,soft_pvc
771,concrete
772,wood
773,soft_pvc
774,concrete
775,soft_pvc
776,tiled
777,soft_pvc
778,wood
779,concrete
780,soft_pvc
781,concrete
782,wood
783,soft_tiles
784,soft_pvc
785,concrete
786,soft_pvc
787,soft_pvc
788,concrete
789,soft_pvc
790,fine_concrete
791,wood
792,wood
793,fine_concrete
794,concrete
795,fine_concrete
796,soft_pvc
797,fine_concrete
798,soft_pvc
799,concrete
800,wood
801,soft_pvc
802,concrete
803,wood
804,hard_tiles_large_space
805,soft_pvc
806,concrete
807,concrete
808,concrete
809,concrete
810,concrete
811,wood
812,soft_tiles
813,concrete
814,soft_tiles
815,concrete
816,soft_tiles
817,soft_tiles
818,soft_tiles
819,wood
820,wood
821,tiled
822,tiled
823,soft_pvc
824,concrete
825,soft_tiles
826,soft_tiles
827,wood
828,soft_tiles
829,wood
830,soft_tiles
831,tiled
832,hard_tiles_large_space
833,soft_pvc
834,wood
835,concrete
836,soft_tiles
837,soft_pvc
838,wood
839,fine_concrete
840,soft_pvc
841,soft_pvc
842,fine_concrete
843,wood
844,concrete
845,tiled
846,fine_concrete
847,concrete
848,concrete
849,soft_tiles
850,wood
851,soft_pvc
852,concrete
853,soft_pvc
854,concrete
855,hard_tiles_large_space
856,concrete
857,wood
858,soft_pvc
859,wood
860,soft_tiles
861,soft_tiles
862,soft_pvc
863,wood
864,tiled
865,carpet
866,wood
867,soft_tiles
868,concrete
869,concrete
870,soft_tiles
871,wood
872,tiled
873,concrete
874,soft_pvc
875,wood
876,concrete
877,wood
878,concrete
879,wood
880,wood
881,soft_tiles
882,soft_tiles
883,soft_tiles
884,soft_tiles
885,wood
886,concrete
887,concrete
888,soft_pvc
889,soft_pvc
890,tiled
891,soft_tiles
892,soft_pvc
893,concrete
894,wood
895,wood
896,wood
897,tiled
898,concrete
899,soft_pvc
900,wood
901,soft_pvc
902,soft_pvc
903,soft_pvc
904,concrete
905,wood
906,fine_concrete
907,soft_tiles
908,soft_pvc
909,soft_tiles
910,concrete
911,tiled
912,wood
913,hard_tiles_large_space
914,soft_pvc
915,soft_pvc
916,soft_pvc
917,concrete
918,fine_concrete
919,soft_tiles
920,soft_pvc
921,wood
922,concrete
923,concrete
924,wood
925,soft_pvc
926,concrete
927,wood
928,soft_pvc
929,concrete
930,fine_concrete
931,concrete
932,concrete
933,tiled
934,wood
935,wood
936,fine_concrete
937,concrete
938,soft_pvc
939,soft_pvc
940,tiled
941,soft_pvc
942,soft_pvc
943,wood
944,concrete
945,wood
946,wood
947,soft_tiles
948,tiled
949,concrete
950,concrete
951,soft_pvc
952,tiled
953,wood
954,concrete
955,soft_pvc
956,wood
957,soft_pvc
958,soft_tiles
959,fine_concrete
960,wood
961,fine_concrete
962,tiled
963,soft_tiles
964,concrete
965,wood
966,wood
967,wood
968,concrete
969,wood
970,soft_pvc
971,concrete
972,soft_pvc
973,concrete
974,soft_tiles
975,soft_pvc
976,wood
977,wood
978,wood
979,fine_concrete
980,soft_pvc
981,wood
982,soft_pvc
983,soft_tiles
984,tiled
985,hard_tiles_large_space
986,soft_pvc
987,wood
988,tiled
989,fine_concrete
990,fine_concrete
991,soft_pvc
992,soft_pvc
993,tiled
994,concrete
995,wood
996,wood
997,wood
998,concrete
999,wood
1000,wood
1001,concrete
1002,concrete
1003,concrete
1004,soft_pvc
1005,soft_tiles
1006,fine_concrete
1007,hard_tiles_large_space
1008,fine_concrete
1009,concrete
1010,soft_pvc
1011,concrete
1012,wood
1013,soft_pvc
1014,concrete
1015,wood
1016,tiled
1017,tiled
1018,soft_tiles
1019,wood
1020,soft_pvc
1021,fine_concrete
1022,concrete
1023,concrete
1024,soft_tiles
1025,wood
1026,wood
1027,soft_tiles
1028,soft_pvc
1029,soft_pvc
1030,soft_pvc
1031,wood
1032,concrete
1033,soft_tiles
1034,hard_tiles_large_space
1035,wood
1036,soft_tiles
1037,soft_tiles
1038,soft_pvc
1039,soft_pvc
1040,fine_concrete
1041,wood
1042,soft_pvc
1043,concrete
1044,wood
1045,fine_concrete
1046,fine_concrete
1047,soft_pvc
1048,carpet
1049,soft_pvc
1050,soft_tiles
1051,soft_pvc
1052,wood
1053,concrete
1054,concrete
1055,soft_tiles
1056,concrete
1057,soft_tiles
1058,soft_pvc
1059,fine_concrete
1060,soft_pvc
1061,soft_pvc
1062,concrete
1063,wood
1064,concrete
1065,soft_tiles
1066,fine_concrete
1067,concrete
1068,soft_pvc
1069,soft_tiles
1070,fine_concrete
1071,fine_concrete
1072,soft_pvc
1073,carpet
1074,soft_pvc
1075,fine_concrete
1076,wood
1077,soft_pvc
1078,soft_pvc
1079,soft_tiles
1080,soft_tiles
1081,fine_concrete
1082,fine_concrete
1083,soft_pvc
1084,fine_concrete
1085,tiled
1086,fine_concrete
1087,soft_pvc
1088,wood
1089,wood
1090,soft_pvc
1091,fine_concrete
1092,concrete
1093,tiled
1094,fine_concrete
1095,tiled
1096,soft_tiles
1097,soft_pvc
1098,soft_pvc
1099,tiled
1100,wood
1101,concrete
1102,soft_tiles
1103,wood
1104,tiled
1105,wood
1106,tiled
1107,soft_pvc
1108,wood
1109,tiled
1110,wood
1111,soft_tiles
1112,wood
1113,concrete
1114,wood
1115,soft_pvc
1116,wood
1117,soft_pvc
1118,soft_pvc
1119,fine_concrete
1120,concrete
1121,soft_pvc
1122,wood
1123,soft_pvc
1124,tiled
1125,soft_pvc
1126,soft_pvc
1127,concrete
1128,soft_pvc
1129,concrete
1130,soft_pvc
1131,soft_pvc
1132,wood
1133,fine_concrete
1134,soft_pvc
1135,soft_pvc
1136,concrete
1137,wood
1138,soft_pvc
1139,concrete
1140,soft_pvc
1141,tiled
1142,fine_concrete
1143,wood
1144,soft_tiles
1145,fine_concrete
1146,fine_concrete
1147,soft_pvc
1148,concrete
1149,fine_concrete
1150,wood
1151,concrete
1152,soft_pvc
1153,soft_pvc
1154,wood
1155,concrete
1156,soft_pvc
1157,tiled
1158,fine_concrete
1159,soft_pvc
1160,soft_tiles
1161,fine_concrete
1162,fine_concrete
1163,concrete
1164,soft_tiles
1165,concrete
1166,soft_tiles
1167,wood
1168,wood
1169,wood
1170,concrete
1171,wood
1172,tiled
1173,soft_pvc
1174,soft_pvc
1175,concrete
1176,hard_tiles_large_space
1177,wood
1178,soft_pvc
1179,concrete
1180,fine_concrete
1181,soft_pvc
1182,wood
1183,wood
1184,hard_tiles_large_space
1185,concrete
1186,concrete
1187,hard_tiles_large_space
1188,tiled
1189,soft_tiles
1190,hard_tiles_large_space
1191,soft_tiles
1192,tiled
1193,wood
1194,soft_tiles
1195,soft_pvc
1196,soft_pvc
1197,concrete
1198,soft_pvc
1199,soft_pvc
1200,concrete
1201,tiled
1202,soft_tiles
1203,concrete
1204,concrete
1205,soft_pvc
1206,soft_pvc
1207,soft_tiles
1208,wood
1209,soft_tiles
1210,fine_concrete
1211,concrete
1212,wood
1213,soft_pvc
1214,fine_concrete
1215,fine_concrete
1216,concrete
1217,concrete
1218,wood
1219,wood
1220,soft_pvc
1221,soft_pvc
1222,soft_pvc
1223,concrete
1224,soft_tiles
1225,wood
1226,wood
1227,concrete
1228,wood
1229,soft_pvc
1230,soft_pvc
1231,fine_concrete
1232,wood
1233,wood
1234,concrete
1235,wood
1236,wood
1237,concrete
1238,fine_concrete
1239,concrete
1240,soft_pvc
1241,soft_pvc
1242,wood
1243,tiled
1244,soft_tiles
1245,concrete
1246,wood
1247,tiled
1248,tiled
1249,concrete
1250,soft_tiles
1251,tiled
1252,concrete
1253,soft_pvc
1254,soft_tiles
1255,concrete
1256,concrete
1257,soft_pvc
1258,wood
1259,concrete
1260,wood
1261,wood
1262,soft_tiles
1263,wood
1264,fine_concrete
1265,soft_pvc
1266,hard_tiles_large_space
1267,soft_pvc
1268,soft_pvc
1269,fine_concrete
1270,soft_tiles
1271,concrete
1272,soft_pvc
1273,wood
1274,wood
1275,soft_tiles
1276,wood
1277,concrete
1278,concrete
1279,soft_tiles
1280,tiled
1281,fine_concrete
1282,fine_concrete
1283,soft_pvc
1284,soft_pvc
1285,fine_concrete
1286,tiled
1287,concrete
1288,soft_tiles
1289,soft_tiles
1290,concrete
1291,wood
1292,soft_pvc
1293,fine_concrete
1294,wood
1295,concrete
1296,soft_pvc
1297,tiled
1298,tiled
1299,soft_tiles
1300,soft_pvc
1301,fine_concrete
1302,soft_pvc
1303,soft_pvc
1304,tiled
1305,soft_pvc
1306,fine_concrete
1307,fine_concrete
1308,wood
1309,concrete
1310,concrete
1311,wood
1312,wood
1313,wood
1314,fine_concrete
1315,soft_tiles
1316,tiled
1317,soft_pvc
1318,soft_tiles
1319,concrete
1320,concrete
1321,soft_pvc
1322,fine_concrete
1323,soft_tiles
1324,soft_pvc
1325,fine_concrete
1326,carpet
1327,soft_tiles
1328,soft_pvc
1329,tiled
1330,wood
1331,soft_tiles
1332,wood
1333,concrete
1334,tiled
1335,concrete
1336,wood
1337,wood
1338,wood
1339,soft_pvc
1340,soft_pvc
1341,wood
1342,soft_pvc
1343,soft_pvc
1344,soft_pvc
1345,soft_pvc
1346,soft_pvc
1347,soft_pvc
1348,concrete
1349,concrete
1350,concrete
1351,tiled
1352,soft_pvc
1353,soft_tiles
1354,soft_tiles
1355,concrete
1356,wood
1357,concrete
1358,soft_tiles
1359,soft_pvc
1360,soft_tiles
1361,fine_concrete
1362,hard_tiles_large_space
1363,soft_pvc
1364,wood
1365,concrete
1366,wood
1367,wood
1368,tiled
1369,soft_tiles
1370,soft_pvc
1371,fine_concrete
1372,wood
1373,soft_tiles
1374,soft_tiles
1375,concrete
1376,tiled
1377,tiled
1378,fine_concrete
1379,soft_pvc
1380,concrete
1381,tiled
1382,soft_pvc
1383,concrete
1384,fine_concrete
1385,wood
1386,concrete
1387,fine_concrete
1388,tiled
1389,tiled
1390,soft_pvc
1391,wood
1392,soft_tiles
1393,fine_concrete
1394,fine_concrete
1395,soft_pvc
1396,fine_concrete
1397,soft_pvc
1398,soft_pvc
1399,soft_pvc
1400,concrete
1401,wood
1402,soft_pvc
1403,soft_tiles
1404,soft_tiles
1405,hard_tiles_large_space
1406,carpet
1407,soft_tiles
1408,concrete
1409,wood
1410,tiled
1411,soft_tiles
1412,fine_concrete
1413,concrete
1414,soft_pvc
1415,soft_tiles
1416,soft_pvc
1417,soft_tiles
1418,soft_pvc
1419,soft_pvc
1420,wood
1421,wood
1422,concrete
1423,concrete
1424,concrete
1425,soft_tiles
1426,soft_tiles
1427,concrete
1428,soft_tiles
1429,soft_tiles
1430,soft_pvc
1431,fine_concrete
1432,concrete
1433,wood
1434,soft_pvc
1435,wood
1436,concrete
1437,soft_tiles
1438,soft_tiles
1439,concrete
1440,soft_tiles
1441,soft_pvc
1442,concrete
1443,tiled
1444,soft_pvc
1445,soft_pvc
1446,hard_tiles_large_space
1447,tiled
1448,concrete
1449,soft_pvc
1450,concrete
1451,wood
1452,wood
1453,fine_concrete
1454,soft_pvc
1455,wood
1456,soft_pvc
1457,soft_pvc
1458,concrete
1459,soft_pvc
1460,soft_tiles
1461,soft_pvc
1462,hard_tiles_large_space
1463,soft_pvc
1464,concrete
1465,concrete
1466,concrete
1467,wood
1468,soft_tiles
1469,soft_pvc
1470,wood
1471,tiled
1472,soft_pvc
1473,tiled
1474,concrete
1475,fine_concrete
1476,soft_pvc
1477,soft_pvc
1478,soft_pvc
1479,tiled
1480,hard_tiles_large_space
1481,wood
1482,soft_pvc
1483,concrete
1484,soft_tiles
1485,concrete
1486,wood
1487,concrete
1488,tiled
1489,soft_pvc
1490,wood
1491,wood
1492,soft_pvc
1493,wood
1494,hard_tiles_large_space
1495,soft_tiles
1496,wood
1497,tiled
1498,soft_pvc
1499,concrete
1500,soft_pvc
1501,fine_concrete
1502,concrete
1503,fine_concrete
1504,concrete
1505,wood
1506,soft_pvc
1507,soft_pvc
1508,wood
1509,wood
1510,soft_pvc
1511,concrete
1512,wood
1513,wood
1514,hard_tiles_large_space
1515,soft_pvc
1516,soft_pvc
1517,soft_tiles
1518,soft_tiles
1519,wood
1520,wood
1521,wood
1522,soft_pvc
1523,soft_tiles
1524,soft_pvc
1525,fine_concrete
1526,fine_concrete
1527,concrete
1528,wood
1529,fine_concrete
1530,wood
1531,soft_pvc
1532,concrete
1533,soft_tiles
1534,concrete
1535,wood
1536,concrete
1537,soft_pvc
1538,soft_pvc
1539,soft_pvc
1540,wood
1541,fine_concrete
1542,tiled
1543,wood
1544,soft_tiles
1545,soft_tiles
1546,soft_pvc
1547,wood
1548,soft_tiles
1549,tiled
1550,wood
1551,fine_concrete
1552,soft_tiles
1553,soft_pvc
1554,concrete
1555,wood
1556,soft_pvc
1557,wood
1558,fine_concrete
1559,soft_pvc
1560,soft_tiles
1561,soft_tiles
1562,tiled
1563,tiled
1564,soft_tiles
1565,carpet
1566,wood
1567,concrete
1568,soft_tiles
1569,soft_pvc
1570,concrete
1571,soft_pvc
1572,soft_tiles
1573,tiled
1574,hard_tiles_large_space
1575,soft_tiles
1576,soft_tiles
1577,concrete
1578,concrete
1579,tiled
1580,wood
1581,soft_tiles
1582,concrete
1583,wood
1584,tiled
1585,concrete
1586,soft_pvc
1587,wood
1588,concrete
1589,hard_tiles_large_space
1590,fine_concrete
1591,wood
1592,wood
1593,soft_pvc
1594,soft_pvc
1595,tiled
1596,concrete
1597,concrete
1598,soft_tiles
1599,concrete
1600,concrete
1601,carpet
1602,wood
1603,soft_tiles
1604,soft_tiles
1605,concrete
1606,tiled
1607,fine_concrete
1608,soft_pvc
1609,wood
1610,fine_concrete
1611,wood
1612,fine_concrete
1613,wood
1614,soft_tiles
1615,soft_tiles
1616,soft_tiles
1617,fine_concrete
1618,concrete
1619,soft_pvc
1620,soft_tiles
1621,concrete
1622,concrete
1623,soft_tiles
1624,soft_tiles
1625,soft_pvc
1626,soft_tiles
1627,fine_concrete
1628,hard_tiles_large_space
1629,soft_pvc
1630,soft_tiles
1631,soft_tiles
1632,soft_tiles
1633,soft_pvc
1634,wood
1635,wood
1636,soft_tiles
1637,soft_pvc
1638,soft_pvc
1639,wood
1640,wood
1641,soft_tiles
1642,fine_concrete
1643,wood
1644,wood
1645,concrete
1646,soft_tiles
1647,concrete
1648,soft_tiles
1649,wood
1650,soft_pvc
1651,soft_pvc
1652,hard_tiles_large_space
1653,soft_pvc
1654,soft_pvc
1655,wood
1656,concrete
1657,wood
1658,concrete
1659,wood
1660,concrete
1661,soft_pvc
1662,concrete
1663,wood
1664,soft_pvc
1665,concrete
1666,wood
1667,concrete
1668,wood
1669,soft_pvc
1670,wood
1671,tiled
1672,fine_concrete
1673,soft_pvc
1674,soft_tiles
1675,wood
1676,concrete
1677,soft_tiles
1678,soft_tiles
1679,tiled
1680,soft_pvc
1681,fine_concrete
1682,tiled
1683,tiled
1684,tiled
1685,tiled
1686,fine_concrete
1687,soft_pvc
1688,soft_tiles
1689,concrete
1690,concrete
1691,soft_tiles
1692,soft_pvc
1693,concrete
1694,wood
1695,soft_pvc
1696,wood
1697,wood
1698,concrete
1699,soft_pvc
1700,concrete
1701,soft_tiles
1702,soft_pvc
1703,soft_pvc
1704,soft_tiles
1705,tiled
1706,soft_pvc
1707,soft_tiles
1708,concrete
1709,hard_tiles_large_space
1710,concrete
1711,wood
1712,concrete
1713,carpet
1714,soft_pvc
1715,wood
1716,soft_pvc
1717,soft_pvc
1718,soft_pvc
1719,soft_tiles
1720,concrete
1721,concrete
1722,wood
1723,soft_tiles
1724,concrete
1725,soft_tiles
1726,concrete
1727,soft_pvc
1728,soft_tiles
1729,hard_tiles_large_space
1730,soft_pvc
1731,soft_pvc
1732,concrete
1733,tiled
1734,wood
1735,hard_tiles_large_space
1736,soft_tiles
1737,soft_pvc
1738,concrete
1739,concrete
1740,soft_pvc
1741,tiled
1742,concrete
1743,soft_pvc
1744,wood
1745,concrete
1746,wood
1747,soft_tiles
1748,concrete
1749,wood
1750,soft_pvc
1751,soft_pvc
1752,tiled
1753,concrete
1754,fine_concrete
1755,concrete
1756,concrete
1757,soft_tiles
1758,tiled
1759,wood
1760,wood
1761,soft_tiles
1762,fine_concrete
1763,soft_pvc
1764,tiled
1765,tiled
1766,concrete
1767,soft_pvc
1768,wood
1769,fine_concrete
1770,soft_pvc
1771,wood
1772,soft_tiles
1773,fine_concrete
1774,soft_tiles
1775,soft_pvc
1776,soft_tiles
1777,soft_pvc
1778,soft_tiles
1779,soft_tiles
1780,soft_pvc
1781,fine_concrete
1782,wood
1783,soft_pvc
1784,fine_concrete
1785,soft_tiles
1786,soft_tiles
1787,soft_pvc
1788,concrete
1789,soft_tiles
1790,wood
1791,soft_pvc
1792,wood
1793,concrete
1794,fine_concrete
1795,concrete
1796,hard_tiles_large_space
1797,concrete
1798,tiled
1799,soft_tiles
1800,fine_concrete
1801,soft_pvc
1802,soft_pvc
1803,wood
1804,tiled
1805,soft_tiles
1806,tiled
1807,concrete
1808,soft_tiles
1809,concrete
1810,soft_tiles
1811,soft_tiles
1812,concrete
1813,fine_concrete
1814,concrete
1815,wood
1816,soft_tiles
1817,soft_pvc
1818,soft_pvc
1819,soft_pvc
1820,fine_concrete
1821,soft_pvc
1822,soft_tiles
1823,wood
1824,fine_concrete
1825,soft_tiles
1826,wood
1827,wood
1828,soft_tiles
1829,concrete
1830,soft_pvc
1831,wood
1832,wood
1833,wood
1834,fine_concrete
1835,tiled
1836,wood
1837,tiled
1838,soft_tiles
1839,fine_concrete
1840,soft_tiles
1841,soft_pvc
1842,soft_pvc
1843,fine_concrete
1844,fine_concrete
1845,soft_tiles
1846,tiled
1847,soft_tiles
1848,fine_concrete
1849,wood
1850,tiled
1851,concrete
1852,soft_pvc
1853,soft_pvc
1854,concrete
1855,concrete
1856,fine_concrete
1857,soft_tiles
1858,wood
1859,tiled
1860,soft_pvc
1861,concrete
1862,tiled
1863,concrete
1864,soft_tiles
1865,concrete
1866,soft_pvc
1867,soft_tiles
1868,wood
1869,concrete
1870,soft_pvc
1871,concrete
1872,wood
1873,concrete
1874,fine_concrete
1875,soft_pvc
1876,concrete
1877,soft_pvc
1878,soft_tiles
1879,wood
1880,fine_concrete
1881,tiled
1882,wood
1883,soft_pvc
1884,soft_pvc
1885,concrete
1886,soft_pvc
1887,tiled
1888,concrete
1889,wood
1890,soft_pvc
1891,carpet
1892,tiled
1893,soft_tiles
1894,wood
1895,concrete
1896,fine_concrete
1897,wood
1898,wood
1899,concrete
1900,concrete
1901,wood
1902,wood
1903,hard_tiles_large_space
1904,concrete
1905,soft_pvc
1906,fine_concrete
1907,wood
1908,concrete
1909,soft_tiles
1910,wood
1911,concrete
1912,concrete
1913,fine_concrete
1914,wood
1915,soft_pvc
1916,soft_tiles
1917,soft_tiles
1918,soft_pvc
1919,wood
1920,wood
1921,tiled
1922,soft_pvc
1923,concrete
1924,soft_tiles
1925,tiled
1926,fine_concrete
1927,concrete
1928,concrete
1929,wood
1930,concrete
1931,concrete
1932,soft_tiles
1933,concrete
1934,concrete
1935,wood
1936,soft_pvc
1937,soft_pvc
1938,soft_pvc
1939,wood
1940,soft_pvc
1941,soft_tiles
1942,concrete
1943,wood
1944,fine_concrete
1945,soft_tiles
1946,soft_tiles
1947,tiled
1948,soft_pvc
1949,soft_pvc
1950,wood
1951,soft_pvc
1952,soft_tiles
1953,concrete
1954,soft_tiles
1955,soft_tiles
1956,soft_pvc
1957,soft_pvc
1958,concrete
1959,soft_pvc
1960,tiled
1961,soft_pvc
1962,concrete
1963,soft_pvc
1964,hard_tiles_large_space
1965,tiled
1966,concrete
1967,wood
1968,soft_tiles
1969,wood
1970,soft_tiles
1971,soft_pvc
1972,tiled
1973,concrete
1974,concrete
1975,soft_tiles
1976,soft_pvc
1977,concrete
1978,concrete
1979,soft_pvc
1980,soft_tiles
1981,soft_pvc
1982,soft_pvc
1983,concrete
1984,concrete
1985,wood
1986,soft_pvc
1987,wood
1988,soft_pvc
1989,wood
1990,wood
1991,wood
1992,soft_pvc
1993,concrete
1994,concrete
1995,soft_pvc
1996,wood
1997,soft_tiles
1998,wood
1999,fine_concrete
2000,wood
2001,soft_tiles
2002,soft_tiles
2003,soft_tiles
2004,fine_concrete
2005,fine_concrete
2006,soft_pvc
2007,soft_pvc
2008,soft_pvc
2009,soft_pvc
2010,wood
2011,concrete
2012,soft_pvc
2013,wood
2014,soft_pvc
2015,fine_concrete
2016,wood
2017,soft_tiles
2018,soft_tiles
2019,concrete
2020,soft_pvc
2021,soft_tiles
2022,wood
2023,soft_pvc
2024,soft_tiles
2025,soft_pvc
2026,fine_concrete
2027,hard_tiles_large_space
2028,soft_pvc
2029,soft_pvc
2030,soft_tiles
2031,soft_pvc
2032,wood
2033,tiled
2034,soft_pvc
2035,soft_tiles
2036,hard_tiles_large_space
2037,concrete
2038,wood
2039,concrete
2040,soft_pvc
2041,soft_tiles
2042,fine_concrete
2043,wood
2044,fine_concrete
2045,tiled
2046,soft_pvc
2047,concrete
2048,soft_tiles
2049,fine_concrete
2050,tiled
2051,soft_pvc
2052,soft_pvc
2053,soft_tiles
2054,soft_tiles
2055,wood
2056,soft_pvc
2057,soft_tiles
2058,concrete
2059,concrete
2060,concrete
2061,concrete
2062,fine_concrete
2063,wood
2064,soft_tiles
2065,wood
2066,concrete
2067,soft_pvc
2068,fine_concrete
2069,fine_concrete
2070,concrete
2071,wood
2072,tiled
2073,concrete
2074,soft_pvc
2075,concrete
2076,fine_concrete
2077,concrete
2078,soft_tiles
2079,soft_tiles
2080,concrete
2081,soft_tiles
2082,soft_pvc
2083,concrete
2084,soft_tiles
2085,tiled
2086,soft_tiles
2087,soft_pvc
2088,soft_pvc
2089,wood
2090,concrete
2091,wood
2092,concrete
2093,soft_pvc
2094,hard_tiles_large_space
2095,soft_pvc
2096,soft_tiles
2097,fine_concrete
2098,wood
2099,hard_tiles_large_space
2100,fine_concrete
2101,concrete
2102,concrete
2103,soft_pvc
2104,wood
2105,concrete
2106,concrete
2107,soft_pvc
2108,fine_concrete
2109,tiled
2110,concrete
2111,concrete
2112,soft_pvc
2113,soft_tiles
2114,soft_tiles
2115,soft_tiles
2116,concrete
2117,tiled
2118,concrete
2119,soft_pvc
2120,soft_pvc
2121,wood
2122,wood
2123,soft_tiles
2124,soft_pvc
2125,soft_tiles
2126,soft_pvc
2127,fine_concrete
2128,tiled
2129,tiled
2130,wood
2131,wood
2132,concrete
2133,concrete
2134,soft_pvc
2135,soft_tiles
2136,concrete
2137,soft_tiles
2138,wood
2139,fine_concrete
2140,concrete
2141,soft_pvc
2142,wood
2143,fine_concrete
2144,soft_tiles
2145,soft_pvc
2146,soft_tiles
2147,soft_tiles
2148,soft_pvc
2149,soft_tiles
2150,soft_pvc
2151,soft_pvc
2152,fine_concrete
2153,wood
2154,soft_tiles
2155,soft_tiles
2156,wood
2157,wood
2158,soft_tiles
2159,fine_concrete
2160,soft_tiles
2161,concrete
2162,concrete
2163,concrete
2164,soft_pvc
2165,concrete
2166,soft_pvc
2167,concrete
2168,soft_tiles
2169,tiled
2170,soft_tiles
2171,soft_tiles
2172,soft_pvc
2173,soft_tiles
2174,wood
2175,wood
2176,tiled
2177,concrete
2178,soft_tiles
2179,concrete
2180,carpet
2181,tiled
2182,concrete
2183,soft_pvc
2184,fine_concrete
2185,concrete
2186,soft_pvc
2187,soft_pvc
2188,soft_tiles
2189,soft_pvc
2190,soft_pvc
2191,soft_tiles
2192,concrete
2193,soft_pvc
2194,soft_tiles
2195,soft_pvc
2196,concrete
2197,soft_pvc
2198,soft_tiles
2199,concrete
2200,soft_tiles
2201,soft_tiles
2202,tiled
2203,concrete
2204,soft_tiles
2205,concrete
2206,wood
2207,soft_tiles
2208,soft_tiles
2209,fine_concrete
2210,soft_pvc
2211,soft_pvc
2212,hard_tiles_large_space
2213,soft_pvc
2214,soft_pvc
2215,concrete
2216,tiled
2217,soft_tiles
2218,soft_pvc
2219,fine_concrete
2220,wood
2221,wood
2222,concrete
2223,soft_pvc
2224,fine_concrete
2225,concrete
2226,soft_pvc
2227,soft_pvc
2228,fine_concrete
2229,soft_tiles
2230,fine_concrete
2231,soft_pvc
2232,wood
2233,soft_pvc
2234,tiled
2235,fine_concrete
2236,soft_tiles
2237,soft_pvc
2238,wood
2239,soft_pvc
2240,soft_pvc
2241,wood
2242,hard_tiles_large_space
2243,fine_concrete
2244,soft_tiles
2245,soft_pvc
2246,soft_pvc
2247,wood
2248,concrete
2249,fine_concrete
2250,soft_tiles
2251,wood
2252,soft_pvc
2253,fine_concrete
2254,fine_concrete
2255,fine_concrete
2256,concrete
2257,wood
2258,soft_tiles
2259,soft_pvc
2260,soft_tiles
2261,soft_pvc
2262,wood
2263,concrete
2264,soft_tiles
2265,concrete
2266,soft_pvc
2267,hard_tiles_large_space
2268,wood
2269,wood
2270,concrete
2271,soft_pvc
2272,soft_pvc
2273,soft_tiles
2274,concrete
2275,wood
2276,concrete
2277,tiled
2278,wood
2279,soft_tiles
2280,concrete
2281,soft_tiles
2282,soft_tiles
2283,concrete
2284,wood
2285,tiled
2286,wood
2287,tiled
2288,concrete
2289,tiled
2290,concrete
2291,wood
2292,soft_pvc
2293,concrete
2294,soft_pvc
2295,concrete
2296,wood
2297,soft_tiles
2298,wood
2299,soft_pvc
2300,soft_pvc
2301,fine_concrete
2302,concrete
2303,soft_pvc
2304,soft_pvc
2305,concrete
2306,concrete
2307,soft_pvc
2308,soft_pvc
2309,fine_concrete
2310,wood
2311,concrete
2312,soft_pvc
2313,soft_tiles
2314,wood
2315,soft_pvc
2316,soft_pvc
2317,wood
2318,wood
2319,soft_pvc
2320,soft_pvc
2321,soft_tiles
2322,soft_pvc
2323,concrete
2324,soft_pvc
2325,tiled
2326,concrete
2327,soft_tiles
2328,wood
2329,soft_pvc
2330,concrete
2331,soft_pvc
2332,wood
2333,soft_pvc
2334,soft_pvc
2335,wood
2336,fine_concrete
2337,soft_pvc
2338,soft_pvc
2339,wood
2340,concrete
2341,soft_pvc
2342,soft_tiles
2343,hard_tiles_large_space
2344,soft_pvc
2345,soft_tiles
2346,concrete
2347,soft_pvc
2348,fine_concrete
2349,tiled
2350,soft_tiles
2351,tiled
2352,soft_tiles
2353,wood
2354,soft_tiles
2355,soft_tiles
2356,soft_pvc
2357,soft_tiles
2358,soft_pvc
2359,wood
2360,hard_tiles_large_space
2361,wood
2362,wood
2363,hard_tiles_large_space
2364,wood
2365,soft_tiles
2366,soft_tiles
2367,wood
2368,soft_pvc
2369,wood
2370,soft_tiles
2371,soft_pvc
2372,wood
2373,hard_tiles_large_space
2374,soft_tiles
2375,concrete
2376,fine_concrete
2377,soft_pvc
2378,fine_concrete
2379,wood
2380,tiled
2381,soft_tiles
2382,fine_concrete
2383,soft_pvc
2384,concrete
2385,soft_tiles
2386,tiled
2387,wood
2388,wood
2389,soft_pvc
2390,wood
2391,soft_tiles
2392,soft_pvc
2393,wood
2394,wood
2395,concrete
2396,fine_concrete
2397,soft_pvc
2398,wood
2399,soft_pvc
2400,concrete
2401,hard_tiles_large_space
2402,tiled
2403,soft_pvc
2404,concrete
2405,tiled
2406,soft_pvc
2407,soft_tiles
2408,concrete
2409,fine_concrete
2410,wood
2411,soft_tiles
2412,concrete
2413,fine_concrete
2414,soft_pvc
2415,wood
2416,fine_concrete
2417,concrete
2418,concrete
2419,concrete
2420,carpet
2421,soft_pvc
2422,concrete
2423,wood
2424,soft_tiles
2425,fine_concrete
2426,wood
2427,soft_pvc
2428,fine_concrete
2429,wood
2430,soft_pvc
2431,concrete
2432,soft_pvc
2433,wood
2434,soft_pvc
2435,soft_tiles
2436,fine_concrete
2437,concrete
2438,wood
2439,soft_pvc
2440,fine_concrete
2441,wood
2442,hard_tiles_large_space
2443,soft_tiles
2444,hard_tiles_large_space
2445,soft_pvc
2446,concrete
2447,soft_tiles
2448,fine_concrete
2449,wood
2450,tiled
2451,tiled
2452,wood
2453,fine_concrete
2454,tiled
2455,concrete
2456,wood
2457,soft_pvc
2458,soft_tiles
2459,concrete
2460,wood
2461,soft_pvc
2462,soft_tiles
2463,fine_concrete
2464,wood
2465,soft_pvc
2466,soft_pvc
2467,soft_pvc
2468,fine_concrete
2469,fine_concrete
2470,wood
2471,soft_pvc
2472,soft_pvc
2473,hard_tiles_large_space
2474,soft_tiles
2475,soft_pvc
2476,hard_tiles_large_space
2477,fine_concrete
2478,soft_tiles
2479,soft_tiles
2480,soft_pvc
2481,soft_tiles
2482,wood
2483,soft_pvc
2484,wood
2485,concrete
2486,soft_pvc
2487,wood
2488,concrete
2489,concrete
2490,concrete
2491,tiled
2492,soft_pvc
2493,soft_pvc
2494,concrete
2495,concrete
2496,wood
2497,fine_concrete
2498,wood
2499,soft_tiles
2500,wood
2501,fine_concrete
2502,soft_tiles
2503,soft_pvc
2504,soft_pvc
2505,soft_pvc
2506,tiled
2507,tiled
2508,concrete
2509,wood
2510,soft_pvc
2511,soft_tiles
2512,wood
2513,soft_pvc
2514,fine_concrete
2515,soft_pvc
2516,concrete
2517,wood
2518,soft_tiles
2519,soft_pvc
2520,soft_tiles
2521,soft_pvc
2522,concrete
2523,soft_pvc
2524,soft_pvc
2525,wood
2526,wood
2527,concrete
2528,soft_pvc
2529,wood
2530,wood
2531,soft_tiles
2532,soft_pvc
2533,concrete
2534,fine_concrete
2535,soft_pvc
2536,soft_pvc
2537,soft_tiles
2538,soft_tiles
2539,soft_tiles
2540,concrete
2541,fine_concrete
2542,wood
2543,concrete
2544,concrete
2545,fine_concrete
2546,wood
2547,fine_concrete
2548,wood
2549,fine_concrete
2550,wood
2551,soft_tiles
2552,wood
2553,wood
2554,concrete
2555,wood
2556,concrete
2557,carpet
2558,wood
2559,soft_pvc
2560,concrete
2561,soft_tiles
2562,tiled
2563,wood
2564,wood
2565,soft_tiles
2566,concrete
2567,soft_pvc
2568,tiled
2569,wood
2570,fine_concrete
2571,soft_pvc
2572,soft_pvc
2573,wood
2574,wood
2575,wood
2576,soft_tiles
2577,wood
2578,soft_tiles
2579,fine_concrete
2580,wood
2581,concrete
2582,wood
2583,tiled
2584,soft_tiles
2585,soft_tiles
2586,concrete
2587,soft_pvc
2588,concrete
2589,soft_pvc
2590,soft_tiles
2591,wood
2592,soft_pvc
2593,wood
2594,soft_pvc
2595,soft_tiles
2596,soft_tiles
2597,wood
2598,fine_concrete
2599,concrete
2600,soft_pvc
2601,fine_concrete
2602,soft_pvc
2603,concrete
2604,soft_pvc
2605,fine_concrete
2606,soft_pvc
2607,hard_tiles_large_space
2608,wood
2609,concrete
2610,concrete
2611,fine_concrete
2612,soft_pvc
2613,tiled
2614,concrete
2615,wood
2616,soft_tiles
2617,soft_tiles
2618,soft_pvc
2619,wood
2620,wood
2621,wood
2622,soft_pvc
2623,concrete
2624,wood
2625,soft_tiles
2626,wood
2627,fine_concrete
2628,soft_pvc
2629,soft_pvc
2630,concrete
2631,concrete
2632,hard_tiles_large_space
2633,wood
2634,concrete
2635,fine_concrete
2636,soft_pvc
2637,tiled
2638,concrete
2639,wood
2640,wood
2641,soft_pvc
2642,soft_pvc
2643,fine_concrete
2644,fine_concrete
2645,tiled
2646,soft_pvc
2647,soft_tiles
2648,tiled
2649,soft_tiles
2650,concrete
2651,soft_tiles
2652,wood
2653,soft_pvc
2654,soft_pvc
2655,tiled
2656,concrete
2657,wood
2658,hard_tiles_large_space
2659,soft_tiles
2660,soft_tiles
2661,soft_tiles
2662,concrete
2663,soft_tiles
2664,fine_concrete
2665,fine_concrete
2666,soft_pvc
2667,soft_pvc
2668,fine_concrete
2669,soft_pvc
2670,fine_concrete
2671,concrete
2672,tiled
2673,soft_pvc
2674,soft_pvc
2675,concrete
2676,soft_tiles
2677,soft_pvc
2678,concrete
2679,wood
2680,soft_tiles
2681,wood
2682,soft_tiles
2683,fine_concrete
2684,concrete
2685,concrete
2686,soft_pvc
2687,concrete
2688,soft_tiles
2689,soft_pvc
2690,concrete
2691,wood
2692,soft_pvc
2693,concrete
2694,soft_pvc
2695,concrete
2696,concrete
2697,soft_pvc
2698,wood
2699,soft_tiles
2700,fine_concrete
2701,soft_pvc
2702,soft_pvc
2703,soft_tiles
2704,concrete
2705,soft_pvc
2706,soft_tiles
2707,wood
2708,hard_tiles_large_space
2709,soft_tiles
2710,concrete
2711,hard_tiles_large_space
2712,wood
2713,soft_pvc
2714,soft_pvc
2715,soft_pvc
2716,concrete
2717,fine_concrete
2718,concrete
2719,soft_pvc
2720,soft_tiles
2721,concrete
2722,soft_tiles
2723,wood
2724,wood
2725,fine_concrete
2726,fine_concrete
2727,soft_pvc
2728,soft_tiles
2729,tiled
2730,soft_pvc
2731,soft_pvc
2732,concrete
2733,soft_pvc
2734,fine_concrete
2735,tiled
2736,fine_concrete
2737,fine_concrete
2738,wood
2739,soft_tiles
2740,soft_pvc
2741,wood
2742,fine_concrete
2743,tiled
2744,soft_tiles
2745,concrete
2746,soft_pvc
2747,tiled
2748,soft_pvc
2749,wood
2750,wood
2751,concrete
2752,tiled
2753,concrete
2754,fine_concrete
2755,hard_tiles_large_space
2756,concrete
2757,soft_pvc
2758,soft_tiles
2759,wood
2760,concrete
2761,soft_tiles
2762,soft_pvc
2763,hard_tiles_large_space
2764,soft_tiles
2765,tiled
2766,fine_concrete
2767,soft_pvc
2768,tiled
2769,concrete
2770,concrete
2771,concrete
2772,soft_pvc
2773,soft_pvc
2774,tiled
2775,soft_pvc
2776,soft_tiles
2777,concrete
2778,tiled
2779,wood
2780,soft_pvc
2781,concrete
2782,soft_pvc
2783,concrete
2784,fine_concrete
2785,concrete
2786,soft_pvc
2787,wood
2788,fine_concrete
2789,soft_pvc
2790,concrete
2791,soft_pvc
2792,soft_tiles
2793,tiled
2794,soft_tiles
2795,soft_tiles
2796,tiled
2797,soft_tiles
2798,soft_tiles
2799,concrete
2800,wood
2801,soft_pvc
2802,wood
2803,fine_concrete
2804,soft_tiles
2805,concrete
2806,soft_pvc
2807,fine_concrete
2808,concrete
2809,wood
2810,soft_tiles
2811,fine_concrete
2812,fine_concrete
2813,soft_tiles
2814,concrete
2815,soft_tiles
2816,wood
2817,wood
2818,fine_concrete
2819,soft_pvc
2820,wood
2821,soft_pvc
2822,concrete
2823,concrete
2824,soft_pvc
2825,wood
2826,soft_pvc
2827,concrete
2828,soft_tiles
2829,concrete
2830,tiled
2831,concrete
2832,soft_pvc
2833,fine_concrete
2834,tiled
2835,soft_pvc
2836,soft_tiles
2837,soft_tiles
2838,wood
2839,soft_pvc
2840,soft_pvc
2841,soft_pvc
2842,fine_concrete
2843,fine_concrete
2844,soft_pvc
2845,soft_pvc
2846,soft_pvc
2847,concrete
2848,soft_pvc
2849,concrete
2850,wood
2851,wood
2852,wood
2853,soft_pvc
2854,wood
2855,fine_concrete
2856,concrete
2857,soft_pvc
2858,fine_concrete
2859,wood
2860,soft_pvc
2861,wood
2862,wood
2863,fine_concrete
2864,soft_pvc
2865,concrete
2866,soft_tiles
2867,tiled
2868,soft_pvc
2869,soft_pvc
2870,wood
2871,concrete
2872,fine_concrete
2873,concrete
2874,wood
2875,concrete
2876,soft_pvc
2877,wood
2878,fine_concrete
2879,wood
2880,wood
2881,soft_pvc
2882,wood
2883,soft_tiles
2884,concrete
2885,soft_pvc
2886,soft_pvc
2887,soft_tiles
2888,soft_pvc
2889,concrete
2890,soft_tiles
2891,soft_tiles
2892,soft_tiles
2893,concrete
2894,wood
2895,soft_tiles
2896,soft_tiles
2897,soft_tiles
2898,soft_pvc
2899,fine_concrete
2900,soft_pvc
2901,soft_tiles
2902,fine_concrete
2903,soft_pvc
2904,wood
2905,soft_pvc
2906,concrete
2907,carpet
2908,soft_pvc
2909,soft_pvc
2910,wood
2911,concrete
2912,concrete
2913,wood
2914,tiled
2915,concrete
2916,soft_pvc
2917,wood
2918,fine_concrete
2919,soft_pvc
2920,wood
2921,soft_tiles
2922,tiled
2923,fine_concrete
2924,soft_pvc
2925,carpet
2926,wood
2927,soft_tiles
2928,soft_tiles
2929,concrete
2930,concrete
2931,soft_pvc
2932,concrete
2933,soft_tiles
2934,soft_pvc
2935,hard_tiles_large_space
2936,soft_pvc
2937,wood
2938,wood
2939,tiled
2940,tiled
2941,hard_tiles_large_space
2942,fine_concrete
2943,concrete
2944,wood
2945,concrete
2946,soft_pvc
2947,wood
2948,fine_concrete
2949,soft_pvc
2950,soft_pvc
2951,soft_pvc
2952,soft_tiles
2953,fine_concrete
2954,fine_concrete
2955,soft_pvc
2956,wood
2957,hard_tiles_large_space
2958,wood
2959,wood
2960,concrete
2961,concrete
2962,concrete
2963,soft_pvc
2964,soft_tiles
2965,soft_tiles
2966,wood
2967,wood
2968,fine_concrete
2969,wood
2970,wood
2971,wood
2972,soft_tiles
2973,fine_concrete
2974,soft_tiles
2975,soft_tiles
2976,soft_tiles
2977,wood
2978,concrete
2979,soft_tiles
2980,fine_concrete
2981,concrete
2982,soft_pvc
2983,fine_concrete
2984,soft_pvc
2985,wood
2986,tiled
2987,soft_pvc
2988,hard_tiles_large_space
2989,fine_concrete
2990,soft_pvc
2991,concrete
2992,wood
2993,wood
2994,fine_concrete
2995,soft_tiles
2996,tiled
2997,concrete
2998,fine_concrete
2999,soft_pvc
3000,wood
3001,soft_tiles
3002,concrete
3003,fine_concrete
3004,wood
3005,soft_tiles
3006,soft_pvc
3007,wood
3008,soft_tiles
3009,concrete
3010,wood
3011,soft_tiles
3012,wood
3013,soft_tiles
3014,wood
3015,concrete
3016,soft_tiles
3017,fine_concrete
3018,fine_concrete
3019,concrete
3020,wood
3021,tiled
3022,concrete
3023,soft_tiles
3024,soft_pvc
3025,soft_pvc
3026,wood
3027,fine_concrete
3028,wood
3029,soft_pvc
3030,soft_tiles
3031,tiled
3032,concrete
3033,fine_concrete
3034,concrete
3035,soft_tiles
3036,wood
3037,soft_pvc
3038,soft_tiles
3039,soft_pvc
3040,soft_pvc
3041,tiled
3042,fine_concrete
3043,tiled
3044,soft_pvc
3045,wood
3046,soft_tiles
3047,soft_pvc
3048,wood
3049,fine_concrete
3050,wood
3051,wood
3052,concrete
3053,soft_pvc
3054,hard_tiles_large_space
3055,tiled
3056,wood
3057,soft_tiles
3058,fine_concrete
3059,concrete
3060,concrete
3061,concrete
3062,soft_tiles
3063,tiled
3064,wood
3065,concrete
3066,wood
3067,concrete
3068,concrete
3069,wood
3070,fine_concrete
3071,hard_tiles_large_space
3072,soft_tiles
3073,soft_pvc
3074,wood
3075,concrete
3076,soft_tiles
3077,concrete
3078,fine_concrete
3079,soft_pvc
3080,soft_tiles
3081,fine_concrete
3082,concrete
3083,soft_pvc
3084,soft_tiles
3085,wood
3086,wood
3087,wood
3088,concrete
3089,hard_tiles_large_space
3090,soft_pvc
3091,wood
3092,soft_pvc
3093,wood
3094,tiled
3095,wood
3096,soft_pvc
3097,carpet
3098,soft_pvc
3099,wood
3100,wood
3101,wood
3102,soft_pvc
3103,wood
3104,concrete
3105,concrete
3106,soft_pvc
3107,carpet
3108,wood
3109,soft_tiles
3110,soft_tiles
3111,fine_concrete
3112,soft_tiles
3113,soft_tiles
3114,soft_pvc
3115,concrete
3116,soft_pvc
3117,wood
3118,soft_pvc
3119,hard_tiles_large_space
3120,wood
3121,concrete
3122,concrete
3123,soft_pvc
3124,hard_tiles_large_space
3125,soft_pvc
3126,soft_tiles
3127,wood
3128,wood
3129,soft_tiles
3130,soft_pvc
3131,soft_pvc
3132,wood
3133,wood
3134,tiled
3135,soft_pvc
3136,soft_pvc
3137,fine_concrete
3138,wood
3139,soft_pvc
3140,soft_pvc
3141,soft_pvc
3142,wood
3143,soft_pvc
3144,concrete
3145,wood
3146,soft_pvc
3147,soft_pvc
3148,soft_pvc
3149,wood
3150,fine_concrete
3151,fine_concrete
3152,concrete
3153,soft_pvc
3154,wood
3155,wood
3156,soft_pvc
3157,fine_concrete
3158,concrete
3159,soft_pvc
3160,hard_tiles_large_space
3161,wood
3162,fine_concrete
3163,wood
3164,soft_pvc
3165,hard_tiles_large_space
3166,soft_tiles
3167,soft_tiles
3168,concrete
3169,wood
3170,concrete
3171,tiled
3172,soft_tiles
3173,concrete
3174,wood
3175,fine_concrete
3176,wood
3177,fine_concrete
3178,concrete
3179,tiled
3180,wood
3181,fine_concrete
3182,soft_pvc
3183,concrete
3184,tiled
3185,concrete
3186,concrete
3187,concrete
3188,soft_tiles
3189,concrete
3190,wood
3191,concrete
3192,wood
3193,wood
3194,soft_pvc
3195,concrete
3196,soft_pvc
3197,fine_concrete
3198,concrete
3199,concrete
3200,fine_concrete
3201,fine_concrete
3202,hard_tiles_large_space
3203,concrete
3204,concrete
3205,concrete
3206,fine_concrete
3207,wood
3208,soft_tiles
3209,soft_tiles
3210,soft_pvc
3211,soft_pvc
3212,tiled
3213,tiled
3214,concrete
3215,soft_pvc
3216,soft_pvc
3217,soft_pvc
3218,soft_tiles
3219,concrete
3220,soft_tiles
3221,wood
3222,wood
3223,soft_pvc
3224,concrete
3225,soft_tiles
3226,soft_pvc
3227,soft_tiles
3228,soft_pvc
3229,soft_tiles
3230,soft_pvc
3231,soft_tiles
3232,soft_pvc
3233,concrete
3234,soft_pvc
3235,soft_tiles
3236,soft_pvc
3237,hard_tiles_large_space
3238,soft_tiles
3239,wood
3240,soft_pvc
3241,concrete
3242,soft_pvc
3243,concrete
3244,wood
3245,tiled
3246,soft_pvc
3247,tiled
3248,wood
3249,concrete
3250,soft_tiles
3251,soft_pvc
3252,soft_pvc
3253,tiled
3254,wood
3255,wood
3256,wood
3257,wood
3258,wood
3259,soft_pvc
3260,soft_tiles
3261,fine_concrete
3262,soft_pvc
3263,soft_pvc
3264,concrete
3265,soft_pvc
3266,soft_pvc
3267,hard_tiles_large_space
3268,concrete
3269,soft_tiles
3270,concrete
3271,concrete
3272,concrete
3273,soft_pvc
3274,concrete
3275,soft_pvc
3276,soft_pvc
3277,soft_tiles
3278,wood
3279,tiled
3280,fine_concrete
3281,concrete
3282,wood
3283,fine_concrete
3284,concrete
3285,wood
3286,soft_pvc
3287,fine_concrete
3288,wood
3289,soft_tiles
3290,concrete
3291,soft_tiles
3292,soft_pvc
3293,concrete
3294,soft_pvc
3295,concrete
3296,concrete
3297,concrete
3298,tiled
3299,soft_pvc
3300,concrete
3301,soft_pvc
3302,concrete
3303,concrete
3304,fine_concrete
3305,wood
3306,concrete
3307,concrete
3308,soft_pvc
3309,tiled
3310,soft_tiles
3311,soft_pvc
3312,wood
3313,wood
3314,wood
3315,soft_pvc
3316,fine_concrete
3317,wood
3318,wood
3319,fine_concrete
3320,soft_pvc
3321,soft_tiles
3322,soft_pvc
3323,fine_concrete
3324,wood
3325,fine_concrete
3326,soft_tiles
3327,soft_pvc
3328,soft_tiles
3329,soft_pvc
3330,wood
3331,tiled
3332,fine_concrete
3333,concrete
3334,fine_concrete
3335,wood
3336,concrete
3337,soft_pvc
3338,soft_pvc
3339,wood
3340,wood
3341,concrete
3342,concrete
3343,soft_pvc
3344,soft_pvc
3345,fine_concrete
3346,wood
3347,soft_pvc
3348,fine_concrete
3349,concrete
3350,concrete
3351,soft_pvc
3352,tiled
3353,soft_pvc
3354,soft_pvc
3355,soft_pvc
3356,fine_concrete
3357,soft_tiles
3358,fine_concrete
3359,concrete
3360,concrete
3361,wood
3362,concrete
3363,soft_tiles
3364,fine_concrete
3365,concrete
3366,soft_pvc
3367,wood
3368,soft_tiles
3369,wood
3370,soft_pvc
3371,soft_pvc
3372,soft_tiles
3373,soft_pvc
3374,soft_pvc
3375,soft_pvc
3376,concrete
3377,tiled
3378,soft_pvc
3379,wood
3380,concrete
3381,soft_pvc
3382,tiled
3383,soft_pvc
3384,concrete
3385,hard_tiles_large_space
3386,tiled
3387,concrete
3388,soft_pvc
3389,carpet
3390,tiled
3391,concrete
3392,wood
3393,soft_tiles
3394,concrete
3395,concrete
3396,wood
3397,soft_tiles
3398,fine_concrete
3399,wood
3400,soft_tiles
3401,soft_tiles
3402,wood
3403,wood
3404,concrete
3405,fine_concrete
3406,soft_pvc
3407,soft_pvc
3408,concrete
3409,wood
3410,tiled
3411,soft_pvc
3412,soft_pvc
3413,fine_concrete
3414,fine_concrete
3415,concrete
3416,wood
3417,fine_concrete
3418,soft_pvc
3419,concrete
3420,wood
3421,fine_concrete
3422,fine_concrete
3423,wood
3424,wood
3425,concrete
3426,concrete
3427,soft_pvc
3428,wood
3429,concrete
3430,tiled
3431,tiled
3432,concrete
3433,concrete
3434,concrete
3435,soft_tiles
3436,wood
3437,wood
3438,concrete
3439,wood
3440,soft_tiles
3441,wood
3442,soft_pvc
3443,wood
3444,concrete
3445,soft_pvc
3446,wood
3447,concrete
3448,soft_pvc
3449,soft_pvc
3450,wood
3451,hard_tiles_large_space
3452,soft_pvc
3453,soft_pvc
3454,wood
3455,carpet
3456,soft_tiles
3457,wood
3458,wood
3459,concrete
3460,concrete
3461,fine_concrete
3462,soft_pvc
3463,concrete
3464,fine_concrete
3465,concrete
3466,fine_concrete
3467,wood
3468,soft_pvc
3469,concrete
3470,wood
3471,soft_tiles
3472,fine_concrete
3473,fine_concrete
3474,concrete
3475,concrete
3476,wood
3477,soft_pvc
3478,soft_pvc
3479,soft_tiles
3480,soft_pvc
3481,soft_pvc
3482,fine_concrete
3483,soft_tiles
3484,wood
3485,wood
3486,concrete
3487,tiled
3488,concrete
3489,wood
3490,soft_pvc
3491,wood
3492,concrete
3493,soft_tiles
3494,soft_pvc
3495,concrete
3496,concrete
3497,concrete
3498,hard_tiles_large_space
3499,soft_tiles
3500,hard_tiles_large_space
3501,wood
3502,wood
3503,fine_concrete
3504,wood
3505,fine_concrete
3506,soft_tiles
3507,concrete
3508,soft_tiles
3509,soft_pvc
3510,fine_concrete
3511,concrete
3512,concrete
3513,concrete
3514,carpet
3515,concrete
3516,soft_tiles
3517,concrete
3518,wood
3519,wood
3520,wood
3521,wood
3522,concrete
3523,soft_pvc
3524,wood
3525,soft_pvc
3526,soft_tiles
3527,tiled
3528,fine_concrete
3529,wood
3530,soft_tiles
3531,soft_pvc
3532,concrete
3533,concrete
3534,soft_pvc
3535,soft_tiles
3536,concrete
3537,soft_pvc
3538,concrete
3539,wood
3540,soft_pvc
3541,tiled
3542,wood
3543,wood
3544,concrete
3545,wood
3546,wood
3547,soft_pvc
3548,concrete
3549,soft_tiles
3550,concrete
3551,soft_tiles
3552,soft_pvc
3553,concrete
3554,soft_tiles
3555,fine_concrete
3556,wood
3557,fine_concrete
3558,soft_pvc
3559,soft_pvc
3560,concrete
3561,soft_pvc
3562,wood
3563,carpet
3564,wood
3565,soft_tiles
3566,soft_pvc
3567,soft_tiles
3568,fine_concrete
3569,concrete
3570,hard_tiles_large_space
3571,soft_tiles
3572,wood
3573,fine_concrete
3574,concrete
3575,hard_tiles_large_space
3576,soft_pvc
3577,soft_pvc
3578,soft_tiles
3579,concrete
3580,soft_tiles
3581,concrete
3582,concrete
3583,soft_pvc
3584,soft_pvc
3585,concrete
3586,fine_concrete
3587,soft_tiles
3588,soft_tiles
3589,soft_pvc
3590,soft_pvc
3591,fine_concrete
3592,fine_concrete
3593,soft_pvc
3594,concrete
3595,soft_tiles
3596,soft_tiles
3597,wood
3598,soft_pvc
3599,concrete
3600,concrete
3601,concrete
3602,soft_pvc
3603,soft_tiles
3604,tiled
3605,soft_pvc
3606,tiled
3607,soft_pvc
3608,soft_pvc
3609,wood
3610,soft_pvc
3611,wood
3612,tiled
3613,soft_pvc
3614,tiled
3615,concrete
3616,soft_pvc
3617,soft_pvc
3618,wood
3619,soft_pvc
3620,fine_concrete
3621,concrete
3622,soft_pvc
3623,soft_pvc
3624,fine_concrete
3625,concrete
3626,soft_tiles
3627,wood
3628,fine_concrete
3629,soft_pvc
3630,soft_pvc
3631,soft_tiles
3632,fine_concrete
3633,fine_concrete
3634,concrete
3635,soft_tiles
3636,hard_tiles_large_space
3637,concrete
3638,concrete
3639,concrete
3640,fine_concrete
3641,concrete
3642,soft_tiles
3643,fine_concrete
3644,fine_concrete
3645,soft_pvc
3646,fine_concrete
3647,wood
3648,soft_pvc
3649,soft_pvc
3650,soft_tiles
3651,soft_pvc
3652,soft_tiles
3653,wood
3654,concrete
3655,concrete
3656,fine_concrete
3657,soft_pvc
3658,concrete
3659,wood
3660,soft_pvc
3661,concrete
3662,soft_pvc
3663,fine_concrete
3664,fine_concrete
3665,wood
3666,fine_concrete
3667,wood
3668,concrete
3669,fine_concrete
3670,wood
3671,concrete
3672,soft_tiles
3673,wood
3674,fine_concrete
3675,concrete
3676,soft_pvc
3677,soft_tiles
3678,tiled
3679,fine_concrete
3680,hard_tiles_large_space
3681,fine_concrete
3682,tiled
3683,concrete
3684,soft_tiles
3685,concrete
3686,hard_tiles_large_space
3687,concrete
3688,concrete
3689,soft_tiles
3690,concrete
3691,tiled
3692,concrete
3693,soft_tiles
3694,soft_pvc
3695,soft_pvc
3696,wood
3697,wood
3698,wood
3699,soft_tiles
3700,soft_pvc
3701,fine_concrete
3702,wood
3703,tiled
3704,soft_tiles
3705,concrete
3706,soft_tiles
3707,wood
3708,wood
3709,tiled
3710,concrete
3711,soft_pvc
3712,concrete
3713,wood
3714,tiled
3715,soft_pvc
3716,tiled
3717,hard_tiles_large_space
3718,carpet
3719,tiled
3720,concrete
3721,soft_tiles
3722,soft_tiles
3723,hard_tiles_large_space
3724,hard_tiles_large_space
3725,soft_pvc
3726,concrete
3727,concrete
3728,soft_tiles
3729,soft_tiles
3730,soft_pvc
3731,wood
3732,concrete
3733,soft_pvc
3734,fine_concrete
3735,wood
3736,soft_pvc
3737,wood
3738,soft_pvc
3739,wood
3740,fine_concrete
3741,soft_pvc
3742,tiled
3743,wood
3744,concrete
3745,soft_pvc
3746,wood
3747,fine_concrete
3748,hard_tiles_large_space
3749,soft_pvc
3750,soft_tiles
3751,wood
3752,soft_tiles
3753,soft_tiles
3754,wood
3755,soft_tiles
3756,soft_pvc
3757,wood
3758,wood
3759,hard_tiles_large_space
3760,concrete
3761,soft_tiles
3762,fine_concrete
3763,fine_concrete
3764,concrete
3765,fine_concrete
3766,concrete
3767,soft_pvc
3768,soft_tiles
3769,soft_pvc
3770,concrete
3771,soft_tiles
3772,tiled
3773,fine_concrete
3774,soft_tiles
3775,concrete
3776,tiled
3777,soft_pvc
3778,tiled
3779,soft_pvc
3780,soft_tiles
3781,soft_tiles
3782,soft_pvc
3783,soft_pvc
3784,soft_tiles
3785,concrete
3786,wood
3787,tiled
3788,carpet
3789,fine_concrete
3790,hard_tiles_large_space
3791,concrete
3792,soft_pvc
3793,soft_pvc
3794,tiled
3795,fine_concrete
3796,concrete
3797,tiled
3798,soft_pvc
3799,concrete
3800,soft_tiles
3801,wood
3802,concrete
3803,concrete
3804,tiled
3805,wood
3806,concrete
3807,wood
3808,tiled
3809,soft_tiles
3810,concrete
3811,soft_pvc
3812,wood
3813,soft_pvc
3814,tiled
3815,wood
